customerID,gender,SeniorCitizen,Partner,Dependents,tenure,PhoneService,MultipleLines,InternetService,OnlineSecurity,OnlineBackup,DeviceProtection,TechSupport,StreamingTV,StreamingMovies,Contract,PaperlessBilling,PaymentMethod,MonthlyCharges,TotalCharges,Churn
CUST-00001,Male,0,No,No,22,Yes,No,Fiber optic,No,Yes,Yes,Yes,Yes,No,Month-to-month,No,Credit card (automatic),27.1,600.11,No
CUST-00002,Female,0,No,Yes,32,Yes,No,Fiber optic,Yes,Yes,No,No,Yes,No,Two year,Yes,Electronic check,70.48,2265.99,No
CUST-00003,Female,0,Yes,No,31,Yes,No,No,No internet service,No internet service,No internet service,No internet service,No internet service,No internet service,One year,Yes,Mailed check,75.14,2317.74,No
CUST-00004,Male,0,Yes,No,40,Yes,Yes,Fiber optic,Yes,No,No,No,Yes,No,One year,Yes,Bank transfer (automatic),51.66,2064.82,Yes
CUST-00005,Female,1,No,No,3,Yes,No,Fiber optic,No,No,Yes,Yes,Yes,Yes,Month-to-month,Yes,Credit card (automatic),78.46,234.23,No
CUST-00006,Male,0,No,Yes,18,Yes,Yes,Fiber optic,No,No,No,No,No,Yes,Month-to-month,No,Electronic check,52.08,954.0,No
CUST-00007,Female,0,No,Yes,5,No,No phone service,Fiber optic,No,Yes,No,Yes,No,No,Month-to-month,No,Credit card (automatic),64.87,303.04,Yes
CUST-00008,Male,0,No,No,25,Yes,No,No,No internet service,No internet service,No internet service,No internet service,No internet service,No internet service,Two year,Yes,Bank transfer (automatic),59.14,1477.4,No
CUST-00009,Male,0,No,Yes,41,Yes,No,Fiber optic,No,No,No,No,Yes,Yes,One year,Yes,Electronic check,88.3,3658.67,No
CUST-00010,Female,0,Yes,No,16,Yes,Yes,Fiber optic,Yes,No,No,No,Yes,No,One year,Yes,Electronic check,46.32,764.37,No
CUST-00011,Female,1,Yes,Yes,1,Yes,Yes,DSL,Yes,Yes,Yes,No,No,No,Month-to-month,Yes,Electronic check,75.54,102.53,No
CUST-00012,Female,1,Yes,Yes,41,Yes,No,Fiber optic,No,No,Yes,No,Yes,No,Two year,Yes,Bank transfer (automatic),104.36,4279.4,No
CUST-00013,Male,0,No,Yes,34,Yes,No,Fiber optic,No,No,Yes,No,No,Yes,Two year,Yes,Electronic check,84.71,2886.44,No
CUST-00014,Male,1,Yes,Yes,22,Yes,No,DSL,No,No,No,No,No,No,Month-to-month,Yes,Electronic check,78.9,1755.75,No
CUST-00015,Male,0,Yes,No,17,Yes,No,DSL,No,No,No,Yes,Yes,No,Month-to-month,Yes,Credit card (automatic),79.49,1382.56,No
CUST-00016,Female,0,Yes,Yes,2,Yes,No,Fiber optic,No,Yes,No,No,No,No,Month-to-month,Yes,Electronic check,27.39,27.39,Yes
CUST-00017,Male,0,Yes,No,1,Yes,Yes,Fiber optic,Yes,No,Yes,Yes,No,No,Month-to-month,Yes,Electronic check,25.89,25.89,No
CUST-00018,Male,1,Yes,No,23,Yes,Yes,Fiber optic,Yes,No,No,No,Yes,No,Month-to-month,No,Mailed check,81.21,1893.95,No
CUST-00019,Female,0,No,No,17,No,No phone service,DSL,Yes,No,No,No,No,No,Month-to-month,Yes,Bank transfer (automatic),59.73,1009.91,No
CUST-00020,Male,0,Yes,No,5,Yes,Yes,Fiber optic,No,No,No,No,Yes,Yes,Month-to-month,No,Credit card (automatic),89.78,435.47,Yes
CUST-00021,Male,0,No,No,34,Yes,No,DSL,No,No,No,No,Yes,No,One year,Yes,Mailed check,83.45,2812.2,No
CUST-00022,Female,0,No,No,5,Yes,No,Fiber optic,Yes,Yes,Yes,Yes,Yes,No,Month-to-month,Yes,Credit card (automatic),74.21,359.95,No
CUST-00023,Male,0,No,Yes,19,Yes,No,DSL,No,No,No,No,No,Yes,Month-to-month,Yes,Bank transfer (automatic),41.08,752.43,Yes
CUST-00024,Female,1,No,No,14,Yes,Yes,DSL,No,Yes,No,No,No,No,Month-to-month,Yes,Electronic check,38.33,578.41,Yes
CUST-00025,Female,0,No,No,1,Yes,Yes,DSL,No,Yes,Yes,No,No,No,Month-to-month,No,Electronic check,87.01,87.01,No
CUST-00026,Female,0,Yes,No,24,Yes,Yes,Fiber optic,Yes,Yes,Yes,No,Yes,No,One year,Yes,Mailed check,55.36,1327.51,No
CUST-00027,Female,1,Yes,No,1,Yes,Yes,DSL,Yes,No,No,No,No,Yes,Month-to-month,No,Mailed check,68.66,80.42,No
CUST-00028,Female,0,No,No,2,Yes,No,Fiber optic,Yes,No,No,No,Yes,No,Month-to-month,No,Bank transfer (automatic),48.28,115.81,No
CUST-00029,Male,1,No,No,19,Yes,Yes,Fiber optic,Yes,No,No,Yes,No,Yes,One year,Yes,Bank transfer (automatic),46.11,894.99,No
CUST-00030,Male,0,No,No,2,Yes,No,Fiber optic,No,No,Yes,Yes,Yes,Yes,Month-to-month,Yes,Mailed check,55.95,133.38,No
CUST-00031,Female,0,Yes,No,14,Yes,Yes,Fiber optic,No,No,No,No,Yes,No,One year,No,Electronic check,71.01,981.5,No
CUST-00032,Female,0,No,Yes,12,Yes,No,No,No internet service,No internet service,No internet service,No internet service,No internet service,No internet service,Month-to-month,Yes,Electronic check,78.07,930.82,No
CUST-00033,Male,1,Yes,No,12,Yes,No,DSL,No,No,No,No,No,No,Month-to-month,No,Bank transfer (automatic),61.46,752.91,Yes
CUST-00034,Female,0,No,Yes,53,Yes,Yes,Fiber optic,No,Yes,No,No,Yes,Yes,Two year,Yes,Mailed check,94.59,5002.77,No
CUST-00035,Female,0,Yes,No,40,Yes,No,DSL,Yes,Yes,Yes,No,No,No,Two year,Yes,Bank transfer (automatic),61.7,2467.93,No
CUST-00036,Female,0,No,No,70,Yes,No,DSL,No,No,No,No,Yes,Yes,Two year,Yes,Electronic check,76.03,5329.85,No
CUST-00037,Male,0,Yes,Yes,5,Yes,No,Fiber optic,No,Yes,No,Yes,Yes,No,Month-to-month,Yes,Bank transfer (automatic),65.32,342.3,No
CUST-00038,Male,0,No,Yes,2,Yes,Yes,Fiber optic,Yes,Yes,No,Yes,No,No,Month-to-month,No,Credit card (automatic),77.33,119.1,Yes
CUST-00039,Female,0,Yes,Yes,45,Yes,No,No,No internet service,No internet service,No internet service,No internet service,No internet service,No internet service,One year,Yes,Electronic check,62.53,2828.12,No
CUST-00040,Female,1,Yes,No,2,Yes,No,Fiber optic,No,No,No,No,No,Yes,Month-to-month,No,Mailed check,66.38,128.09,Yes
CUST-00041,Male,0,Yes,No,15,Yes,No,No,No internet service,No internet service,No internet service,No internet service,No internet service,No internet service,Month-to-month,Yes,Credit card (automatic),53.44,815.69,No
CUST-00042,Male,0,Yes,No,2,Yes,No,DSL,No,No,No,No,Yes,No,Month-to-month,Yes,Electronic check,47.64,110.81,Yes
CUST-00043,Female,0,Yes,No,6,Yes,No,DSL,Yes,No,No,Yes,Yes,Yes,Month-to-month,Yes,Bank transfer (automatic),54.31,358.01,No
CUST-00044,Female,1,Yes,No,38,Yes,No,DSL,No,No,No,No,No,No,Two year,Yes,Electronic check,74.83,2870.5,No
CUST-00045,Male,0,Yes,No,23,Yes,No,DSL,Yes,Yes,No,Yes,No,No,Month-to-month,Yes,Bank transfer (automatic),59.03,1384.72,Yes
CUST-00046,Male,0,No,No,28,Yes,No,Fiber optic,Yes,No,No,No,No,Yes,One year,Yes,Electronic check,92.48,2618.2,Yes
CUST-00047,Male,0,No,No,4,Yes,No,Fiber optic,No,No,No,No,No,No,Month-to-month,No,Credit card (automatic),54.86,225.26,Yes
CUST-00048,Female,0,No,No,17,Yes,No,DSL,Yes,No,Yes,No,Yes,No,Month-to-month,Yes,Bank transfer (automatic),56.99,969.43,No
CUST-00049,Male,0,No,Yes,20,No,No phone service,No,No internet service,No internet service,No internet service,No internet service,No internet service,No internet service,Month-to-month,Yes,Credit card (automatic),54.84,1114.33,No
CUST-00050,Female,0,No,No,2,No,No phone service,No,No internet service,No internet service,No internet service,No internet service,No internet service,No internet service,Month-to-month,No,Bank transfer (automatic),65.35,145.35,No
CUST-00051,Male,0,Yes,No,25,Yes,Yes,DSL,Yes,Yes,No,No,No,Yes,Two year,No,Bank transfer (automatic),71.44,1779.76,No
CUST-00052,Male,0,Yes,Yes,22,Yes,No,DSL,Yes,No,Yes,No,Yes,No,One year,Yes,Mailed check,48.79,1081.55,No
CUST-00053,Male,0,Yes,No,46,Yes,No,DSL,Yes,Yes,No,No,Yes,No,Two year,Yes,Credit card (automatic),61.4,2823.8,No
CUST-00054,Male,0,Yes,Yes,54,Yes,No,DSL,No,No,No,No,Yes,Yes,Two year,No,Credit card (automatic),75.02,4033.73,No
CUST-00055,Female,0,Yes,Yes,27,Yes,No,DSL,Yes,Yes,No,No,Yes,Yes,One year,Yes,Mailed check,77.04,2105.99,No
CUST-00056,Female,0,No,No,63,Yes,Yes,Fiber optic,No,No,No,No,Yes,No,Two year,Yes,Credit card (automatic),89.83,5660.08,No
CUST-00057,Male,0,No,Yes,3,No,No phone service,DSL,Yes,No,Yes,Yes,Yes,No,Month-to-month,Yes,Bank transfer (automatic),81.83,286.47,Yes
CUST-00058,Female,0,No,No,18,Yes,Yes,Fiber optic,Yes,Yes,No,No,No,No,Month-to-month,No,Bank transfer (automatic),64.13,1121.75,No
CUST-00059,Male,0,No,No,19,Yes,No,No,No internet service,No internet service,No internet service,No internet service,No internet service,No internet service,Month-to-month,Yes,Mailed check,27.66,514.34,No
CUST-00060,Male,0,Yes,Yes,5,Yes,No,Fiber optic,Yes,No,No,No,Yes,Yes,Month-to-month,No,Electronic check,47.43,237.8,No
CUST-00061,Male,0,Yes,No,10,Yes,No,No,No internet service,No internet service,No internet service,No internet service,No internet service,No internet service,Month-to-month,Yes,Electronic check,36.51,387.8,No
CUST-00062,Male,0,Yes,Yes,21,No,No phone service,DSL,Yes,No,No,No,No,No,Month-to-month,No,Electronic check,60.67,1281.99,No
CUST-00063,Female,0,No,No,28,Yes,No,Fiber optic,No,Yes,Yes,No,No,Yes,Two year,Yes,Bank transfer (automatic),78.04,2191.3,No
CUST-00064,Male,0,Yes,No,14,Yes,Yes,Fiber optic,No,No,Yes,No,No,No,Month-to-month,Yes,Mailed check,48.68,658.94,No
CUST-00065,Male,0,No,Yes,14,Yes,Yes,DSL,No,No,No,Yes,Yes,No,Month-to-month,No,Mailed check,46.46,627.25,Yes
CUST-00066,Female,0,Yes,Yes,9,Yes,Yes,DSL,No,Yes,No,No,No,No,Month-to-month,Yes,Credit card (automatic),31.0,285.44,Yes
CUST-00067,Male,0,Yes,No,15,Yes,Yes,Fiber optic,No,No,No,No,Yes,Yes,Month-to-month,Yes,Mailed check,65.81,959.92,Yes
CUST-00068,Male,0,No,No,70,Yes,No,Fiber optic,Yes,Yes,No,No,Yes,No,Two year,Yes,Mailed check,80.58,5630.16,Yes
CUST-00069,Male,0,Yes,Yes,11,Yes,No,Fiber optic,Yes,Yes,No,Yes,Yes,No,Month-to-month,Yes,Electronic check,84.86,943.44,No
CUST-00070,Female,1,Yes,No,40,Yes,Yes,Fiber optic,No,Yes,Yes,No,Yes,No,Two year,Yes,Electronic check,68.84,2734.11,No
CUST-00071,Male,0,No,No,12,Yes,No,Fiber optic,Yes,Yes,No,No,Yes,Yes,One year,No,Credit card (automatic),49.23,622.82,Yes
CUST-00072,Female,0,Yes,No,3,Yes,Yes,DSL,No,Yes,No,No,No,Yes,Month-to-month,Yes,Bank transfer (automatic),36.99,135.46,Yes
CUST-00073,Male,0,No,No,15,Yes,No,DSL,No,No,Yes,No,No,Yes,Month-to-month,Yes,Credit card (automatic),59.88,866.75,No
CUST-00074,Male,0,Yes,No,45,Yes,No,DSL,Yes,Yes,No,No,Yes,No,Two year,Yes,Electronic check,66.81,2987.61,No
CUST-00075,Female,0,Yes,No,39,Yes,No,DSL,No,Yes,Yes,No,No,Yes,One year,No,Bank transfer (automatic),63.45,2428.67,No
CUST-00076,Male,0,Yes,No,35,Yes,No,No,No internet service,No internet service,No internet service,No internet service,No internet service,No internet service,One year,No,Electronic check,81.03,2820.25,No
CUST-00077,Male,0,Yes,No,37,Yes,No,Fiber optic,No,No,Yes,Yes,Yes,Yes,One year,Yes,Electronic check,46.83,1748.19,Yes
CUST-00078,Female,1,Yes,Yes,24,Yes,Yes,Fiber optic,No,No,No,Yes,No,No,Month-to-month,Yes,Electronic check,33.65,799.38,Yes
CUST-00079,Female,0,Yes,No,3,Yes,No,DSL,Yes,No,Yes,No,No,No,Month-to-month,No,Electronic check,83.19,258.78,No
CUST-00080,Female,0,Yes,No,14,Yes,Yes,Fiber optic,Yes,No,No,Yes,Yes,Yes,Month-to-month,Yes,Electronic check,73.73,1001.7,No
CUST-00081,Female,0,Yes,No,68,Yes,No,DSL,No,No,No,No,Yes,Yes,Two year,No,Electronic check,98.36,6704.49,Yes
CUST-00082,Female,0,No,No,46,Yes,No,DSL,Yes,Yes,No,No,No,Yes,One year,No,Credit card (automatic),64.86,2972.37,No
CUST-00083,Male,0,No,No,23,Yes,No,DSL,No,No,No,Yes,No,No,Month-to-month,No,Electronic check,49.52,1139.28,No
CUST-00084,Female,0,Yes,No,10,Yes,Yes,Fiber optic,No,No,No,No,No,No,Month-to-month,Yes,Electronic check,61.66,614.72,No
CUST-00085,Male,0,Yes,No,17,Yes,No,Fiber optic,No,No,Yes,No,Yes,Yes,Month-to-month,No,Electronic check,38.74,633.22,No
CUST-00086,Male,0,No,No,12,No,No phone service,Fiber optic,Yes,Yes,Yes,No,Yes,No,Month-to-month,No,Bank transfer (automatic),40.16,458.85,No
CUST-00087,Male,0,Yes,Yes,24,Yes,No,Fiber optic,No,No,Yes,No,Yes,Yes,One year,Yes,Electronic check,74.68,1811.67,No
CUST-00088,Female,0,Yes,No,15,Yes,Yes,No,No internet service,No internet service,No internet service,No internet service,No internet service,No internet service,One year,Yes,Credit card (automatic),62.76,949.31,No
CUST-00089,Female,0,No,No,64,Yes,Yes,DSL,No,No,No,No,No,Yes,Two year,Yes,Credit card (automatic),79.92,5136.02,No
CUST-00090,Male,1,Yes,Yes,15,Yes,No,DSL,No,No,No,No,No,No,Month-to-month,Yes,Electronic check,62.97,951.09,Yes
CUST-00091,Female,1,Yes,No,22,Yes,No,DSL,No,Yes,No,No,Yes,Yes,Month-to-month,Yes,Mailed check,63.14,1392.04,Yes
CUST-00092,Female,0,No,No,19,Yes,Yes,Fiber optic,No,No,Yes,Yes,No,Yes,One year,Yes,Electronic check,74.33,1377.69,No
CUST-00093,Female,0,Yes,No,30,No,No phone service,No,No internet service,No internet service,No internet service,No internet service,No internet service,No internet service,One year,Yes,Bank transfer (automatic),63.94,1912.75,No
CUST-00094,Female,0,Yes,Yes,17,No,No phone service,DSL,No,No,Yes,No,Yes,Yes,One year,Yes,Mailed check,89.98,1529.15,No
CUST-00095,Male,0,No,Yes,45,Yes,No,No,No internet service,No internet service,No internet service,No internet service,No internet service,No internet service,One year,Yes,Electronic check,57.22,2613.86,No
CUST-00096,Male,1,Yes,No,13,Yes,No,No,No internet service,No internet service,No internet service,No internet service,No internet service,No internet service,Month-to-month,No,Electronic check,46.47,617.88,Yes
CUST-00097,Female,0,No,Yes,1,Yes,Yes,DSL,No,Yes,Yes,No,No,Yes,Month-to-month,No,Bank transfer (automatic),25.49,56.21,No
CUST-00098,Male,0,Yes,No,21,No,No phone service,Fiber optic,No,No,No,Yes,Yes,No,Month-to-month,Yes,Mailed check,34.94,745.6,No
CUST-00099,Female,0,Yes,No,23,No,No phone service,Fiber optic,No,Yes,No,No,No,Yes,Month-to-month,Yes,Electronic check,56.71,1290.05,No
CUST-00100,Female,0,No,Yes,11,Yes,Yes,No,No internet service,No internet service,No internet service,No internet service,No internet service,No internet service,Month-to-month,Yes,Bank transfer (automatic),30.71,340.18,Yes
CUST-00101,Male,0,No,No,24,Yes,No,DSL,No,Yes,Yes,No,Yes,No,Month-to-month,No,Bank transfer (automatic),83.29,2003.68,No
CUST-00102,Male,1,Yes,No,14,Yes,No,Fiber optic,No,No,Yes,No,Yes,Yes,One year,No,Credit card (automatic),71.23,978.37,No
CUST-00103,Male,0,No,No,8,Yes,Yes,DSL,No,No,No,Yes,No,No,Month-to-month,No,Electronic check,70.3,554.73,No
CUST-00104,Female,0,No,No,24,Yes,Yes,Fiber optic,No,Yes,No,No,Yes,Yes,Month-to-month,Yes,Credit card (automatic),32.28,770.67,No
CUST-00105,Male,1,Yes,No,25,Yes,Yes,Fiber optic,No,Yes,Yes,No,No,No,Two year,No,Bank transfer (automatic),83.8,2127.11,No
CUST-00106,Female,0,Yes,No,11,Yes,No,Fiber optic,Yes,Yes,Yes,No,No,No,Month-to-month,Yes,Electronic check,81.26,852.22,No
CUST-00107,Male,0,Yes,No,6,Yes,No,No,No internet service,No internet service,No internet service,No internet service,No internet service,No internet service,Month-to-month,No,Bank transfer (automatic),88.38,554.39,No
CUST-00108,Male,0,No,No,41,Yes,Yes,No,No internet service,No internet service,No internet service,No internet service,No internet service,No internet service,One year,Yes,Mailed check,53.54,2176.58,No
CUST-00109,Female,0,No,No,19,No,No phone service,No,No internet service,No internet service,No internet service,No internet service,No internet service,No internet service,Month-to-month,No,Credit card (automatic),78.36,1461.32,Yes
CUST-00110,Female,1,No,No,2,Yes,No,DSL,No,Yes,No,Yes,Yes,No,Month-to-month,Yes,Electronic check,61.19,145.98,No
CUST-00111,Female,0,No,No,8,Yes,No,Fiber optic,No,Yes,Yes,No,No,No,Month-to-month,No,Bank transfer (automatic),55.98,462.48,No
CUST-00112,Female,1,Yes,No,13,Yes,No,DSL,No,Yes,No,No,No,No,Month-to-month,No,Mailed check,75.02,1000.31,No
CUST-00113,Female,0,No,Yes,29,Yes,Yes,Fiber optic,Yes,No,No,Yes,No,Yes,Two year,Yes,Credit card (automatic),103.4,3014.61,No
CUST-00114,Female,1,Yes,No,27,Yes,Yes,Fiber optic,No,No,No,No,No,Yes,Two year,Yes,Electronic check,76.27,2100.54,No
CUST-00115,Female,0,No,Yes,44,Yes,No,Fiber optic,No,No,No,Yes,No,No,One year,No,Credit card (automatic),81.81,3610.92,No
CUST-00116,Female,0,Yes,No,35,Yes,Yes,Fiber optic,Yes,Yes,No,No,Yes,Yes,Two year,Yes,Credit card (automatic),60.74,2122.83,No
CUST-00117,Male,0,Yes,No,49,Yes,Yes,No,No internet service,No internet service,No internet service,No internet service,No internet service,No internet service,Two year,Yes,Electronic check,93.39,4582.92,Yes
CUST-00118,Female,1,Yes,No,6,Yes,No,DSL,No,Yes,No,Yes,No,Yes,Month-to-month,Yes,Credit card (automatic),62.78,401.55,No
CUST-00119,Female,0,No,No,34,Yes,Yes,Fiber optic,No,Yes,No,No,Yes,Yes,Two year,Yes,Credit card (automatic),101.6,3438.84,No
CUST-00120,Male,0,Yes,No,13,Yes,No,Fiber optic,Yes,No,No,Yes,Yes,Yes,Month-to-month,Yes,Electronic check,59.62,762.0,Yes
CUST-00121,Female,0,Yes,No,56,Yes,Yes,DSL,No,No,No,No,No,No,Two year,Yes,Mailed check,73.46,4107.67,No
CUST-00122,Male,0,No,No,33,Yes,Yes,DSL,No,No,Yes,Yes,Yes,No,Two year,Yes,Bank transfer (automatic),82.43,2678.1,No
CUST-00123,Male,1,Yes,No,10,Yes,No,No,No internet service,No internet service,No internet service,No internet service,No internet service,No internet service,Month-to-month,Yes,Electronic check,89.35,896.24,No
CUST-00124,Female,0,No,No,13,Yes,Yes,No,No internet service,No internet service,No internet service,No internet service,No internet service,No internet service,Month-to-month,No,Electronic check,69.5,865.74,No
CUST-00125,Male,0,No,No,20,Yes,No,No,No internet service,No internet service,No internet service,No internet service,No internet service,No internet service,Month-to-month,No,Electronic check,41.55,832.09,No
CUST-00126,Female,0,Yes,Yes,5,Yes,No,No,No internet service,No internet service,No internet service,No internet service,No internet service,No internet service,Month-to-month,No,Electronic check,25.18,143.19,No
CUST-00127,Male,0,Yes,No,32,Yes,Yes,DSL,No,Yes,No,No,Yes,No,Two year,Yes,Mailed check,84.78,2703.48,No
CUST-00128,Male,0,No,No,47,Yes,No,Fiber optic,No,No,No,No,Yes,No,Two year,No,Electronic check,85.31,4042.88,No
CUST-00129,Male,0,Yes,No,3,Yes,Yes,Fiber optic,Yes,Yes,Yes,No,No,Yes,Month-to-month,Yes,Credit card (automatic),47.68,113.82,Yes
CUST-00130,Female,0,No,Yes,17,Yes,No,Fiber optic,No,No,No,No,Yes,No,Month-to-month,Yes,Bank transfer (automatic),80.3,1388.88,No
CUST-00131,Female,0,No,No,12,No,No phone service,Fiber optic,Yes,Yes,Yes,No,No,No,Month-to-month,No,Electronic check,51.55,632.15,No
CUST-00132,Male,0,No,Yes,21,Yes,No,Fiber optic,Yes,No,Yes,Yes,No,Yes,Month-to-month,No,Bank transfer (automatic),72.51,1488.31,No
CUST-00133,Male,0,Yes,No,9,Yes,Yes,Fiber optic,Yes,No,No,No,No,No,Month-to-month,No,Bank transfer (automatic),38.33,399.14,No
CUST-00134,Female,0,No,No,3,Yes,No,Fiber optic,Yes,Yes,No,Yes,Yes,No,Month-to-month,No,Credit card (automatic),29.32,86.69,No
CUST-00135,Female,0,Yes,No,63,Yes,No,DSL,No,No,No,No,Yes,Yes,Two year,Yes,Electronic check,91.08,5720.48,No
CUST-00136,Male,0,Yes,Yes,8,Yes,No,Fiber optic,Yes,Yes,Yes,No,No,Yes,Month-to-month,Yes,Electronic check,78.82,602.39,Yes
CUST-00137,Male,1,Yes,No,5,Yes,Yes,Fiber optic,No,No,No,No,No,No,Month-to-month,No,Credit card (automatic),38.11,186.13,No
CUST-00138,Female,1,Yes,No,41,No,No phone service,Fiber optic,No,No,Yes,Yes,No,No,One year,Yes,Credit card (automatic),86.26,3533.97,Yes
CUST-00139,Female,0,No,No,5,Yes,No,DSL,No,No,Yes,Yes,No,No,Month-to-month,Yes,Bank transfer (automatic),77.95,391.79,Yes
CUST-00140,Female,0,Yes,No,37,Yes,No,Fiber optic,Yes,No,Yes,No,Yes,No,Two year,No,Credit card (automatic),81.15,2996.72,No
CUST-00141,Female,1,No,Yes,27,Yes,Yes,DSL,No,Yes,No,No,Yes,No,Two year,No,Electronic check,70.81,1924.53,No
CUST-00142,Female,0,No,No,10,Yes,No,Fiber optic,No,No,No,No,No,No,Month-to-month,Yes,Bank transfer (automatic),50.51,497.34,No
CUST-00143,Male,0,Yes,No,8,Yes,Yes,Fiber optic,No,No,No,No,Yes,No,Month-to-month,No,Electronic check,54.38,396.31,Yes
CUST-00144,Female,0,No,No,8,Yes,No,Fiber optic,No,No,No,No,Yes,No,Month-to-month,No,Electronic check,49.5,393.02,No
CUST-00145,Male,0,No,Yes,19,Yes,Yes,DSL,No,Yes,Yes,No,No,Yes,Month-to-month,No,Credit card (automatic),65.57,1198.42,Yes
CUST-00146,Female,0,Yes,No,1,Yes,Yes,Fiber optic,No,No,No,Yes,Yes,Yes,Month-to-month,Yes,Electronic check,73.59,80.67,Yes
CUST-00147,Male,0,No,No,26,Yes,No,Fiber optic,Yes,No,No,No,Yes,Yes,One year,Yes,Mailed check,73.87,1901.15,No
CUST-00148,Female,1,No,No,17,Yes,Yes,Fiber optic,No,Yes,No,Yes,Yes,No,Month-to-month,Yes,Credit card (automatic),83.47,1422.3,Yes
CUST-00149,Female,1,No,Yes,23,Yes,No,Fiber optic,Yes,No,Yes,No,No,No,Month-to-month,Yes,Electronic check,59.57,1396.41,No
CUST-00150,Male,0,No,No,21,Yes,No,Fiber optic,No,Yes,No,Yes,No,Yes,Month-to-month,Yes,Credit card (automatic),83.92,1743.36,No
CUST-00151,Male,0,Yes,Yes,62,Yes,Yes,Fiber optic,Yes,No,No,No,No,Yes,Two year,Yes,Credit card (automatic),60.84,3793.61,No
CUST-00152,Female,0,No,No,6,Yes,Yes,DSL,Yes,No,No,Yes,No,No,Month-to-month,Yes,Bank transfer (automatic),46.63,271.13,No
CUST-00153,Female,0,No,Yes,19,Yes,No,DSL,No,No,No,Yes,Yes,Yes,Month-to-month,No,Electronic check,46.77,923.67,No
CUST-00154,Female,0,No,No,20,Yes,Yes,Fiber optic,No,No,Yes,No,No,No,Month-to-month,Yes,Electronic check,76.61,1524.93,No
CUST-00155,Female,0,No,No,52,Yes,No,Fiber optic,No,No,No,Yes,Yes,No,Two year,No,Mailed check,79.77,4131.29,No
CUST-00156,Female,1,Yes,No,7,Yes,No,Fiber optic,No,Yes,Yes,Yes,Yes,No,Month-to-month,No,Electronic check,62.25,449.53,No
CUST-00157,Male,0,No,Yes,40,No,No phone service,DSL,No,Yes,No,No,No,Yes,One year,Yes,Electronic check,52.58,2094.63,Yes
CUST-00158,Male,0,Yes,No,44,Yes,Yes,DSL,Yes,No,No,Yes,No,Yes,One year,No,Credit card (automatic),80.35,3518.53,No
CUST-00159,Female,1,No,No,23,Yes,Yes,Fiber optic,No,Yes,Yes,Yes,Yes,No,Month-to-month,Yes,Electronic check,34.3,779.42,No
CUST-00160,Male,0,Yes,No,15,Yes,Yes,DSL,Yes,Yes,No,No,Yes,No,One year,Yes,Bank transfer (automatic),73.49,1101.53,No
CUST-00161,Male,0,Yes,No,10,No,No phone service,Fiber optic,No,No,No,No,No,No,Month-to-month,No,Electronic check,57.11,597.93,No
CUST-00162,Male,0,Yes,Yes,21,Yes,No,DSL,No,Yes,Yes,No,Yes,Yes,One year,Yes,Bank transfer (automatic),62.1,1265.5,No
CUST-00163,Female,0,Yes,No,24,Yes,No,Fiber optic,Yes,Yes,No,No,Yes,No,One year,No,Credit card (automatic),50.53,1213.22,No
CUST-00164,Male,0,Yes,Yes,4,Yes,Yes,No,No internet service,No internet service,No internet service,No internet service,No internet service,No internet service,Month-to-month,Yes,Electronic check,54.71,231.32,No
CUST-00165,Female,0,No,No,20,Yes,Yes,DSL,Yes,Yes,No,Yes,Yes,No,Month-to-month,No,Electronic check,50.82,1020.34,No
CUST-00166,Male,0,No,Yes,52,Yes,Yes,Fiber optic,No,No,No,No,No,No,Two year,Yes,Bank transfer (automatic),81.99,4289.83,No
CUST-00167,Female,1,No,No,15,No,No phone service,DSL,No,No,No,No,Yes,Yes,Month-to-month,No,Bank transfer (automatic),51.58,772.24,No
CUST-00168,Male,0,Yes,No,13,Yes,Yes,Fiber optic,No,No,No,No,Yes,Yes,Month-to-month,Yes,Bank transfer (automatic),71.8,929.74,Yes
CUST-00169,Female,0,No,No,19,Yes,No,Fiber optic,Yes,Yes,No,No,No,No,Month-to-month,No,Electronic check,70.11,1343.87,Yes
CUST-00170,Female,0,Yes,No,47,No,No phone service,Fiber optic,Yes,No,No,Yes,No,No,One year,No,Electronic check,80.81,3800.01,Yes
CUST-00171,Male,0,Yes,No,38,Yes,No,Fiber optic,Yes,No,Yes,No,Yes,Yes,One year,Yes,Credit card (automatic),62.28,2359.01,No
CUST-00172,Female,0,No,No,11,Yes,No,No,No internet service,No internet service,No internet service,No internet service,No internet service,No internet service,Month-to-month,No,Credit card (automatic),87.34,971.06,No
CUST-00173,Female,0,No,Yes,8,Yes,Yes,DSL,No,Yes,No,No,Yes,No,Month-to-month,Yes,Mailed check,62.92,490.31,Yes
CUST-00174,Female,0,Yes,No,8,Yes,Yes,DSL,No,No,Yes,Yes,No,Yes,Month-to-month,No,Credit card (automatic),52.53,408.05,No
CUST-00175,Female,0,Yes,Yes,37,Yes,No,No,No internet service,No internet service,No internet service,No internet service,No internet service,No internet service,One year,Yes,Mailed check,92.36,3406.91,Yes
CUST-00176,Female,0,No,No,12,Yes,Yes,Fiber optic,No,No,No,Yes,No,No,Month-to-month,No,Mailed check,84.27,1038.31,No
CUST-00177,Female,0,No,No,29,Yes,No,No,No internet service,No internet service,No internet service,No internet service,No internet service,No internet service,One year,No,Electronic check,75.57,2127.19,No
CUST-00178,Female,0,No,No,15,Yes,No,Fiber optic,No,No,Yes,Yes,No,No,Month-to-month,Yes,Mailed check,72.2,1090.86,Yes
CUST-00179,Female,1,No,Yes,66,Yes,No,No,No internet service,No internet service,No internet service,No internet service,No internet service,No internet service,Two year,Yes,Bank transfer (automatic),101.61,6706.68,No
CUST-00180,Male,0,Yes,No,4,Yes,No,Fiber optic,No,Yes,Yes,No,No,No,Month-to-month,Yes,Electronic check,84.72,305.26,Yes
CUST-00181,Male,0,No,No,5,No,No phone service,Fiber optic,Yes,No,No,Yes,Yes,No,Month-to-month,No,Mailed check,84.96,431.01,Yes
CUST-00182,Female,0,No,No,8,Yes,Yes,No,No internet service,No internet service,No internet service,No internet service,No internet service,No internet service,Month-to-month,Yes,Credit card (automatic),67.34,548.23,Yes
CUST-00183,Female,0,No,No,51,No,No phone service,Fiber optic,No,No,No,No,Yes,No,Two year,Yes,Bank transfer (automatic),73.72,3771.6,No
CUST-00184,Male,0,Yes,No,32,Yes,Yes,DSL,Yes,Yes,Yes,No,Yes,Yes,Two year,No,Bank transfer (automatic),76.21,2385.57,No
CUST-00185,Male,0,Yes,Yes,14,Yes,No,DSL,Yes,No,No,No,No,Yes,Month-to-month,Yes,Credit card (automatic),85.73,1227.6,Yes
CUST-00186,Male,0,Yes,No,33,Yes,Yes,DSL,No,Yes,No,No,Yes,Yes,One year,No,Electronic check,90.53,2972.88,No
CUST-00187,Female,0,Yes,No,24,Yes,Yes,DSL,No,No,No,No,No,Yes,Two year,Yes,Bank transfer (automatic),60.66,1469.62,No
CUST-00188,Male,0,No,Yes,32,Yes,No,DSL,No,No,Yes,Yes,No,No,One year,Yes,Credit card (automatic),53.28,1719.65,No
CUST-00189,Female,0,Yes,Yes,4,Yes,Yes,Fiber optic,Yes,Yes,No,Yes,Yes,No,Month-to-month,No,Bank transfer (automatic),33.1,114.88,No
CUST-00190,Female,0,No,Yes,1,Yes,No,Fiber optic,No,Yes,Yes,Yes,No,No,Month-to-month,Yes,Electronic check,81.54,94.75,Yes
CUST-00191,Male,1,No,No,23,Yes,No,Fiber optic,No,Yes,No,No,Yes,No,Month-to-month,Yes,Electronic check,39.78,907.25,Yes
CUST-00192,Female,0,No,No,38,Yes,No,Fiber optic,No,No,No,No,Yes,Yes,Two year,No,Credit card (automatic),74.95,2806.68,No
CUST-00193,Female,0,No,Yes,32,Yes,No,DSL,No,No,Yes,No,No,No,Two year,Yes,Mailed check,92.21,2974.15,No
CUST-00194,Female,0,Yes,No,21,Yes,No,DSL,No,No,No,No,No,Yes,One year,No,Credit card (automatic),85.14,1772.5,No
CUST-00195,Female,0,Yes,Yes,21,Yes,No,DSL,No,Yes,No,Yes,No,Yes,Month-to-month,No,Bank transfer (automatic),64.24,1331.99,No
CUST-00196,Male,0,Yes,No,3,Yes,Yes,Fiber optic,No,No,Yes,No,Yes,Yes,Month-to-month,Yes,Bank transfer (automatic),50.88,144.58,Yes
CUST-00197,Male,0,No,Yes,36,Yes,No,DSL,Yes,No,No,No,No,No,One year,Yes,Credit card (automatic),88.18,3179.78,No
CUST-00198,Female,0,No,No,61,Yes,No,DSL,No,No,Yes,Yes,Yes,No,Two year,No,Bank transfer (automatic),72.32,4410.21,No
CUST-00199,Female,0,No,No,41,Yes,No,Fiber optic,No,No,No,No,No,Yes,Two year,Yes,Mailed check,79.04,3251.68,No
CUST-00200,Male,0,No,No,38,Yes,No,No,No internet service,No internet service,No internet service,No internet service,No internet service,No internet service,One year,Yes,Bank transfer (automatic),67.61,2542.42,No
CUST-00201,Female,0,No,No,35,Yes,Yes,DSL,No,Yes,Yes,No,No,No,One year,No,Credit card (automatic),73.88,2571.01,No
CUST-00202,Male,0,Yes,No,20,Yes,No,Fiber optic,No,Yes,No,No,Yes,Yes,Month-to-month,Yes,Mailed check,52.23,1042.28,No
CUST-00203,Female,0,No,No,24,Yes,No,Fiber optic,Yes,Yes,No,Yes,Yes,No,Month-to-month,No,Mailed check,45.25,1123.86,Yes
CUST-00204,Female,0,Yes,Yes,52,Yes,Yes,Fiber optic,No,Yes,No,No,No,No,Two year,Yes,Electronic check,84.03,4367.25,No
CUST-00205,Male,0,No,Yes,33,Yes,No,No,No internet service,No internet service,No internet service,No internet service,No internet service,No internet service,One year,Yes,Credit card (automatic),56.0,1869.86,No
CUST-00206,Male,0,No,No,18,Yes,No,DSL,No,Yes,No,No,No,No,Month-to-month,Yes,Electronic check,68.13,1227.11,No
CUST-00207,Male,0,Yes,Yes,7,Yes,No,DSL,Yes,No,No,No,No,No,Month-to-month,No,Bank transfer (automatic),88.41,609.2,No
CUST-00208,Male,0,Yes,Yes,31,Yes,No,No,No internet service,No internet service,No internet service,No internet service,No internet service,No internet service,One year,No,Mailed check,65.73,2032.73,No
CUST-00209,Female,1,No,No,8,Yes,No,Fiber optic,No,No,No,No,No,No,Month-to-month,No,Mailed check,57.64,457.77,Yes
CUST-00210,Male,0,No,No,1,Yes,Yes,Fiber optic,No,No,No,No,Yes,No,Month-to-month,Yes,Bank transfer (automatic),45.15,57.22,Yes
CUST-00211,Female,0,No,No,23,Yes,No,Fiber optic,No,Yes,No,No,No,Yes,Month-to-month,Yes,Electronic check,52.74,1240.54,No
CUST-00212,Male,0,No,Yes,30,Yes,Yes,Fiber optic,Yes,No,No,Yes,Yes,No,One year,Yes,Bank transfer (automatic),62.47,1881.27,No
CUST-00213,Male,0,Yes,Yes,41,Yes,No,No,No internet service,No internet service,No internet service,No internet service,No internet service,No internet service,One year,Yes,Credit card (automatic),54.53,2259.65,No
CUST-00214,Female,0,No,No,13,Yes,No,No,No internet service,No internet service,No internet service,No internet service,No internet service,No internet service,Month-to-month,Yes,Credit card (automatic),49.55,624.88,No
CUST-00215,Male,0,Yes,Yes,27,Yes,Yes,Fiber optic,No,Yes,No,Yes,No,No,One year,No,Electronic check,73.24,1969.24,No
CUST-00216,Male,1,No,Yes,18,Yes,Yes,DSL,No,No,Yes,No,No,No,Month-to-month,Yes,Credit card (automatic),44.11,779.55,Yes
CUST-00217,Male,0,Yes,No,19,Yes,No,No,No internet service,No internet service,No internet service,No internet service,No internet service,No internet service,Month-to-month,No,Bank transfer (automatic),54.46,1041.1,No
CUST-00218,Male,0,Yes,No,13,Yes,Yes,DSL,Yes,Yes,No,No,No,No,One year,Yes,Credit card (automatic),71.72,925.22,No
CUST-00219,Female,1,No,No,41,Yes,No,DSL,No,No,Yes,Yes,Yes,No,One year,No,Mailed check,72.98,3006.86,No
CUST-00220,Female,0,Yes,Yes,27,Yes,Yes,No,No internet service,No internet service,No internet service,No internet service,No internet service,No internet service,Two year,Yes,Bank transfer (automatic),64.1,1711.98,No
CUST-00221,Male,0,No,Yes,40,Yes,Yes,DSL,No,No,No,No,Yes,No,One year,Yes,Credit card (automatic),48.78,1951.87,No
CUST-00222,Male,0,Yes,No,14,Yes,No,DSL,Yes,No,Yes,No,No,Yes,One year,Yes,Credit card (automatic),63.67,905.05,Yes
CUST-00223,Male,0,No,Yes,10,Yes,No,DSL,No,No,Yes,No,Yes,No,Month-to-month,Yes,Mailed check,83.33,792.02,No
CUST-00224,Female,0,Yes,No,2,Yes,No,No,No internet service,No internet service,No internet service,No internet service,No internet service,No internet service,Month-to-month,Yes,Electronic check,51.57,145.57,Yes
CUST-00225,Female,1,No,No,23,Yes,Yes,Fiber optic,No,No,No,No,Yes,Yes,Month-to-month,Yes,Mailed check,88.63,2032.84,No
CUST-00226,Female,0,No,No,18,Yes,No,Fiber optic,No,Yes,Yes,Yes,Yes,No,Month-to-month,Yes,Mailed check,81.35,1423.88,Yes
CUST-00227,Female,0,Yes,No,31,Yes,No,DSL,No,No,Yes,Yes,No,Yes,Two year,No,Electronic check,56.35,1750.16,No
CUST-00228,Male,0,Yes,Yes,23,No,No phone service,Fiber optic,Yes,No,No,No,Yes,No,Month-to-month,No,Electronic check,41.5,955.23,No
CUST-00229,Male,0,Yes,No,46,Yes,No,Fiber optic,No,No,Yes,Yes,No,Yes,Two year,No,Credit card (automatic),88.59,4073.72,No
CUST-00230,Male,1,Yes,No,19,Yes,No,DSL,No,Yes,Yes,No,Yes,Yes,One year,Yes,Electronic check,50.21,973.73,Yes
CUST-00231,Female,0,No,No,14,Yes,No,Fiber optic,No,No,Yes,No,No,No,One year,No,Bank transfer (automatic),89.37,1266.17,Yes
CUST-00232,Male,0,Yes,Yes,15,Yes,Yes,DSL,Yes,No,No,Yes,No,No,Month-to-month,Yes,Electronic check,71.85,1083.75,No
CUST-00233,Female,0,No,Yes,46,Yes,No,No,No internet service,No internet service,No internet service,No internet service,No internet service,No internet service,One year,Yes,Electronic check,57.16,2638.3,No
CUST-00234,Female,0,Yes,No,14,Yes,Yes,Fiber optic,No,No,No,No,No,No,Month-to-month,Yes,Electronic check,64.21,896.82,No
CUST-00235,Male,0,No,No,14,Yes,No,No,No internet service,No internet service,No internet service,No internet service,No internet service,No internet service,Month-to-month,Yes,Electronic check,78.96,1141.01,Yes
CUST-00236,Male,0,No,No,15,Yes,Yes,DSL,Yes,Yes,No,No,No,Yes,One year,Yes,Credit card (automatic),92.22,1353.72,No
CUST-00237,Male,0,No,Yes,22,Yes,No,Fiber optic,No,No,No,No,Yes,Yes,Month-to-month,Yes,Credit card (automatic),38.32,845.92,No
CUST-00238,Female,0,No,No,23,Yes,No,Fiber optic,Yes,No,Yes,Yes,No,Yes,Month-to-month,Yes,Electronic check,83.26,1916.32,No
CUST-00239,Female,0,Yes,No,18,Yes,Yes,Fiber optic,Yes,No,Yes,No,No,No,One year,No,Mailed check,76.66,1396.18,No
CUST-00240,Male,0,Yes,No,1,Yes,Yes,No,No internet service,No internet service,No internet service,No internet service,No internet service,No internet service,Month-to-month,No,Mailed check,38.51,38.51,Yes
CUST-00241,Male,0,No,No,42,Yes,Yes,Fiber optic,No,No,No,No,No,No,Two year,No,Credit card (automatic),61.14,2532.96,No
CUST-00242,Female,0,Yes,Yes,42,Yes,No,DSL,Yes,No,Yes,Yes,No,No,Two year,No,Credit card (automatic),84.15,3537.52,No
CUST-00243,Male,0,Yes,No,41,Yes,No,Fiber optic,No,No,No,Yes,Yes,No,Two year,Yes,Bank transfer (automatic),99.63,4090.6,No
CUST-00244,Female,0,No,Yes,15,Yes,Yes,Fiber optic,Yes,No,Yes,No,Yes,Yes,Month-to-month,No,Bank transfer (automatic),65.61,1013.93,No
CUST-00245,Female,0,Yes,No,11,No,No phone service,Fiber optic,Yes,Yes,No,No,Yes,Yes,Month-to-month,No,Credit card (automatic),41.86,435.08,No
CUST-00246,Male,0,Yes,No,25,Yes,Yes,DSL,Yes,No,No,No,No,No,Two year,Yes,Electronic check,73.15,1851.92,No
CUST-00247,Male,0,Yes,No,23,Yes,No,Fiber optic,No,Yes,Yes,No,No,No,Month-to-month,Yes,Mailed check,42.42,1023.1,Yes
CUST-00248,Male,0,No,No,28,Yes,No,DSL,Yes,No,No,No,Yes,No,Two year,No,Credit card (automatic),72.26,2015.71,Yes
CUST-00249,Male,1,Yes,Yes,53,Yes,Yes,Fiber optic,Yes,Yes,Yes,No,Yes,Yes,Two year,Yes,Bank transfer (automatic),73.14,3850.49,No
CUST-00250,Female,0,No,No,67,Yes,No,Fiber optic,No,No,No,Yes,No,No,Two year,No,Bank transfer (automatic),65.98,4412.22,No
CUST-00251,Female,0,Yes,No,22,Yes,Yes,Fiber optic,No,Yes,Yes,Yes,No,Yes,Month-to-month,Yes,Bank transfer (automatic),75.68,1665.34,Yes
CUST-00252,Female,0,Yes,Yes,17,Yes,Yes,DSL,Yes,No,No,Yes,Yes,Yes,Month-to-month,Yes,Electronic check,81.45,1395.93,Yes
CUST-00253,Male,0,Yes,Yes,69,Yes,Yes,Fiber optic,No,No,Yes,No,Yes,No,Two year,Yes,Bank transfer (automatic),78.55,5408.35,Yes
CUST-00254,Female,0,No,No,17,Yes,Yes,DSL,Yes,No,No,No,No,Yes,Month-to-month,Yes,Bank transfer (automatic),56.51,991.78,No
CUST-00255,Male,0,No,Yes,17,Yes,No,DSL,No,Yes,No,No,Yes,No,Month-to-month,No,Mailed check,42.46,699.6,Yes
CUST-00256,Male,1,Yes,No,13,Yes,No,Fiber optic,No,Yes,No,No,Yes,Yes,One year,No,Bank transfer (automatic),76.67,961.98,No
CUST-00257,Male,0,No,No,62,Yes,No,No,No internet service,No internet service,No internet service,No internet service,No internet service,No internet service,Two year,Yes,Credit card (automatic),65.9,4108.01,No
CUST-00258,Male,1,Yes,No,33,Yes,Yes,Fiber optic,Yes,No,No,No,No,No,One year,Yes,Electronic check,86.75,2817.14,No
CUST-00259,Male,0,No,Yes,15,Yes,Yes,Fiber optic,Yes,Yes,Yes,No,Yes,Yes,One year,No,Mailed check,51.61,770.12,Yes
CUST-00260,Male,0,No,No,13,Yes,No,No,No internet service,No internet service,No internet service,No internet service,No internet service,No internet service,Month-to-month,No,Mailed check,69.93,971.44,No
CUST-00261,Female,1,Yes,No,22,Yes,No,No,No internet service,No internet service,No internet service,No internet service,No internet service,No internet service,One year,Yes,Bank transfer (automatic),86.13,1894.6,Yes
CUST-00262,Male,0,Yes,Yes,44,Yes,Yes,DSL,Yes,No,Yes,No,Yes,No,Two year,Yes,Electronic check,95.75,4190.7,No
CUST-00263,Female,0,Yes,No,9,No,No phone service,No,No internet service,No internet service,No internet service,No internet service,No internet service,No internet service,Month-to-month,No,Bank transfer (automatic),42.81,384.17,Yes
CUST-00264,Female,0,Yes,No,17,No,No phone service,Fiber optic,No,No,No,No,Yes,Yes,Month-to-month,No,Credit card (automatic),51.34,871.78,No
CUST-00265,Male,0,No,No,61,Yes,No,DSL,No,Yes,No,No,No,Yes,Two year,Yes,Mailed check,96.49,5888.93,No
CUST-00266,Male,0,No,Yes,34,Yes,No,DSL,No,No,No,No,No,Yes,One year,Yes,Credit card (automatic),50.33,1724.43,No
CUST-00267,Male,0,No,No,33,Yes,Yes,Fiber optic,No,No,No,Yes,Yes,No,One year,No,Credit card (automatic),51.84,1690.08,No
CUST-00268,Female,0,Yes,Yes,42,Yes,Yes,DSL,No,Yes,No,Yes,Yes,Yes,One year,No,Electronic check,88.69,3758.92,No
CUST-00269,Male,0,Yes,Yes,8,Yes,No,DSL,Yes,No,Yes,Yes,No,Yes,Month-to-month,Yes,Electronic check,41.3,335.28,Yes
CUST-00270,Female,0,No,No,13,Yes,Yes,DSL,No,No,No,No,No,No,Month-to-month,Yes,Credit card (automatic),68.23,901.49,No
CUST-00271,Male,0,Yes,No,30,Yes,No,No,No internet service,No internet service,No internet service,No internet service,No internet service,No internet service,Two year,No,Credit card (automatic),83.66,2497.38,No
CUST-00272,Male,0,No,Yes,40,Yes,No,No,No internet service,No internet service,No internet service,No internet service,No internet service,No internet service,Two year,Yes,Electronic check,75.94,3063.27,No
CUST-00273,Female,0,No,Yes,51,Yes,Yes,DSL,No,No,Yes,No,No,No,Two year,Yes,Electronic check,93.55,4765.68,No
CUST-00274,Female,0,No,Yes,69,Yes,No,No,No internet service,No internet service,No internet service,No internet service,No internet service,No internet service,Two year,Yes,Electronic check,57.35,3962.58,No
CUST-00275,Male,0,No,Yes,22,Yes,Yes,No,No internet service,No internet service,No internet service,No internet service,No internet service,No internet service,Month-to-month,Yes,Credit card (automatic),72.97,1586.73,No
CUST-00276,Female,0,No,Yes,19,Yes,No,Fiber optic,No,No,Yes,No,Yes,No,Month-to-month,No,Electronic check,30.87,566.63,Yes
CUST-00277,Female,0,Yes,Yes,37,Yes,No,DSL,Yes,No,Yes,No,No,Yes,One year,Yes,Bank transfer (automatic),48.41,1805.03,No
CUST-00278,Female,0,Yes,No,22,Yes,No,Fiber optic,No,No,No,No,No,No,One year,No,Credit card (automatic),59.43,1298.69,No
CUST-00279,Female,0,Yes,No,47,Yes,No,No,No internet service,No internet service,No internet service,No internet service,No internet service,No internet service,One year,Yes,Electronic check,80.95,3787.68,No
CUST-00280,Female,0,No,No,46,Yes,No,Fiber optic,No,No,No,Yes,No,No,One year,Yes,Bank transfer (automatic),92.47,4240.54,No
CUST-00281,Male,0,No,No,70,Yes,No,DSL,No,No,No,No,Yes,No,Two year,Yes,Electronic check,102.7,7203.28,No
CUST-00282,Male,0,No,Yes,22,Yes,No,Fiber optic,Yes,Yes,Yes,No,Yes,No,Month-to-month,No,Credit card (automatic),72.62,1585.0,No
CUST-00283,Female,0,No,No,1,Yes,Yes,Fiber optic,Yes,No,Yes,No,Yes,No,Month-to-month,No,Electronic check,42.54,42.54,Yes
CUST-00284,Male,0,Yes,No,15,Yes,Yes,Fiber optic,No,Yes,Yes,No,No,No,Month-to-month,Yes,Bank transfer (automatic),42.05,631.01,No
CUST-00285,Male,0,Yes,No,46,Yes,Yes,DSL,No,No,No,No,Yes,No,One year,No,Bank transfer (automatic),87.08,3967.17,No
CUST-00286,Female,1,No,No,17,Yes,Yes,DSL,No,No,No,Yes,No,No,Month-to-month,No,Electronic check,57.26,944.06,Yes
CUST-00287,Male,1,No,No,13,Yes,No,No,No internet service,No internet service,No internet service,No internet service,No internet service,No internet service,Month-to-month,No,Electronic check,35.05,462.42,No
CUST-00288,Female,0,No,No,9,Yes,No,No,No internet service,No internet service,No internet service,No internet service,No internet service,No internet service,Month-to-month,Yes,Mailed check,75.11,661.24,No
CUST-00289,Female,0,Yes,Yes,21,Yes,No,DSL,No,Yes,Yes,No,No,No,Month-to-month,No,Electronic check,47.38,1016.22,No
CUST-00290,Male,0,Yes,No,28,Yes,Yes,No,No internet service,No internet service,No internet service,No internet service,No internet service,No internet service,One year,Yes,Credit card (automatic),65.64,1857.25,No
CUST-00291,Female,0,Yes,No,11,No,No phone service,DSL,No,No,No,No,No,Yes,Month-to-month,Yes,Credit card (automatic),63.89,717.16,Yes
CUST-00292,Female,0,No,No,7,Yes,Yes,Fiber optic,Yes,No,No,No,No,No,Month-to-month,No,Mailed check,29.94,245.95,Yes
CUST-00293,Female,0,No,No,60,Yes,No,Fiber optic,No,Yes,No,Yes,No,Yes,Two year,Yes,Bank transfer (automatic),55.12,3305.36,No
CUST-00294,Female,0,Yes,Yes,19,Yes,No,No,No internet service,No internet service,No internet service,No internet service,No internet service,No internet service,Month-to-month,Yes,Bank transfer (automatic),42.69,824.08,No
CUST-00295,Female,0,No,No,2,Yes,Yes,No,No internet service,No internet service,No internet service,No internet service,No internet service,No internet service,Month-to-month,Yes,Credit card (automatic),31.7,51.71,No
CUST-00296,Male,0,Yes,No,5,No,No phone service,DSL,Yes,No,No,No,Yes,Yes,Month-to-month,No,Mailed check,30.95,203.81,No
CUST-00297,Male,0,No,No,28,Yes,Yes,No,No internet service,No internet service,No internet service,No internet service,No internet service,No internet service,One year,No,Electronic check,92.51,2630.0,No
CUST-00298,Female,0,Yes,No,23,Yes,No,DSL,No,Yes,No,No,Yes,Yes,Month-to-month,Yes,Electronic check,58.88,1354.58,No
CUST-00299,Female,1,No,Yes,23,Yes,No,Fiber optic,No,No,No,Yes,No,Yes,One year,No,Bank transfer (automatic),72.1,1665.92,Yes
CUST-00300,Male,0,Yes,No,24,Yes,No,Fiber optic,No,Yes,Yes,No,No,No,Month-to-month,Yes,Mailed check,74.3,1810.28,No
CUST-00301,Female,0,Yes,No,21,Yes,Yes,Fiber optic,No,Yes,No,No,No,No,Month-to-month,Yes,Mailed check,74.34,1558.14,Yes
CUST-00302,Male,0,Yes,No,5,Yes,No,DSL,No,No,No,No,Yes,Yes,Month-to-month,No,Electronic check,70.0,336.86,No
CUST-00303,Female,0,Yes,No,6,Yes,No,No,No internet service,No internet service,No internet service,No internet service,No internet service,No internet service,Month-to-month,Yes,Bank transfer (automatic),88.74,549.9,No
CUST-00304,Female,0,Yes,No,29,No,No phone service,DSL,Yes,No,No,No,No,No,One year,Yes,Electronic check,69.47,2016.23,No
CUST-00305,Female,0,Yes,No,26,Yes,Yes,DSL,Yes,No,No,Yes,No,Yes,One year,Yes,Electronic check,79.66,2074.79,Yes
CUST-00306,Female,0,No,Yes,64,Yes,Yes,Fiber optic,Yes,No,No,No,Yes,Yes,Two year,No,Mailed check,102.2,6524.3,No
CUST-00307,Female,0,No,No,15,Yes,No,Fiber optic,No,Yes,Yes,No,No,Yes,Month-to-month,Yes,Electronic check,27.87,383.71,Yes
CUST-00308,Female,0,No,No,16,Yes,Yes,No,No internet service,No internet service,No internet service,No internet service,No internet service,No internet service,Month-to-month,No,Bank transfer (automatic),85.14,1366.98,Yes
CUST-00309,Female,0,Yes,No,34,Yes,Yes,Fiber optic,No,Yes,Yes,Yes,Yes,No,One year,No,Mailed check,72.79,2492.97,Yes
CUST-00310,Male,0,Yes,No,22,Yes,Yes,DSL,Yes,Yes,Yes,No,No,No,Month-to-month,Yes,Mailed check,84.51,1854.63,No
CUST-00311,Male,0,No,No,14,Yes,No,No,No internet service,No internet service,No internet service,No internet service,No internet service,No internet service,Month-to-month,No,Bank transfer (automatic),32.83,488.4,No
CUST-00312,Male,0,Yes,Yes,7,Yes,No,Fiber optic,No,No,No,No,No,No,Month-to-month,Yes,Electronic check,44.33,296.22,Yes
CUST-00313,Female,1,Yes,No,16,Yes,No,DSL,No,No,Yes,Yes,Yes,No,Month-to-month,Yes,Electronic check,32.49,498.8,No
CUST-00314,Female,0,Yes,Yes,46,No,No phone service,Fiber optic,Yes,No,No,Yes,No,No,Two year,No,Credit card (automatic),94.77,4357.94,No
CUST-00315,Female,0,Yes,No,54,Yes,No,Fiber optic,No,Yes,Yes,No,No,Yes,Two year,No,Mailed check,98.1,5295.86,No
CUST-00316,Female,0,Yes,Yes,46,Yes,Yes,Fiber optic,Yes,Yes,Yes,No,Yes,No,One year,Yes,Mailed check,60.96,2819.33,No
CUST-00317,Female,0,No,No,10,Yes,No,Fiber optic,Yes,No,Yes,No,No,No,Month-to-month,Yes,Electronic check,66.9,653.46,No
CUST-00318,Female,0,No,No,14,Yes,Yes,No,No internet service,No internet service,No internet service,No internet service,No internet service,No internet service,Month-to-month,Yes,Mailed check,63.76,919.97,No
CUST-00319,Female,0,No,Yes,3,Yes,No,No,No internet service,No internet service,No internet service,No internet service,No internet service,No internet service,Month-to-month,Yes,Bank transfer (automatic),61.44,223.67,No
CUST-00320,Male,1,No,No,13,Yes,Yes,Fiber optic,No,No,No,No,Yes,Yes,Month-to-month,Yes,Bank transfer (automatic),30.0,389.24,No
CUST-00321,Female,0,No,No,5,Yes,Yes,DSL,Yes,No,No,No,No,No,Month-to-month,Yes,Bank transfer (automatic),59.47,322.33,Yes
CUST-00322,Male,0,Yes,Yes,37,Yes,Yes,No,No internet service,No internet service,No internet service,No internet service,No internet service,No internet service,One year,No,Electronic check,81.24,2984.69,No
CUST-00323,Male,0,Yes,No,26,Yes,Yes,Fiber optic,Yes,Yes,Yes,Yes,Yes,No,One year,Yes,Electronic check,85.2,2236.67,Yes
CUST-00324,Female,0,Yes,No,4,Yes,Yes,Fiber optic,No,No,Yes,Yes,Yes,Yes,Month-to-month,Yes,Credit card (automatic),76.4,326.53,No
CUST-00325,Female,0,Yes,No,48,Yes,Yes,Fiber optic,No,No,Yes,No,No,No,Two year,No,Credit card (automatic),91.89,4428.12,No
CUST-00326,Male,0,No,Yes,44,Yes,No,No,No internet service,No internet service,No internet service,No internet service,No internet service,No internet service,One year,No,Electronic check,89.3,3928.84,No
CUST-00327,Male,0,No,Yes,13,Yes,No,Fiber optic,Yes,No,Yes,Yes,Yes,No,One year,Yes,Mailed check,46.22,541.78,No
CUST-00328,Female,0,No,Yes,45,Yes,No,DSL,Yes,Yes,No,Yes,No,No,One year,Yes,Electronic check,46.06,2060.02,No
CUST-00329,Female,0,Yes,Yes,23,Yes,No,Fiber optic,No,No,No,Yes,Yes,No,Month-to-month,No,Electronic check,37.06,839.76,No
CUST-00330,Male,1,No,Yes,18,Yes,No,No,No internet service,No internet service,No internet service,No internet service,No internet service,No internet service,Month-to-month,Yes,Electronic check,86.04,1529.14,Yes
CUST-00331,Female,0,Yes,No,3,Yes,No,DSL,No,No,No,No,No,No,Month-to-month,Yes,Electronic check,29.55,91.1,Yes
CUST-00332,Female,1,No,No,40,Yes,No,No,No internet service,No internet service,No internet service,No internet service,No internet service,No internet service,One year,No,Bank transfer (automatic),83.36,3326.0,No
CUST-00333,Female,0,No,No,21,Yes,Yes,Fiber optic,No,No,Yes,No,Yes,Yes,Month-to-month,Yes,Bank transfer (automatic),56.19,1163.41,Yes
CUST-00334,Male,1,Yes,No,16,Yes,Yes,Fiber optic,No,Yes,Yes,No,No,Yes,Month-to-month,Yes,Electronic check,81.79,1287.45,No
CUST-00335,Male,0,Yes,Yes,15,Yes,No,DSL,No,Yes,No,No,Yes,No,Month-to-month,Yes,Electronic check,50.89,749.02,Yes
CUST-00336,Male,0,No,Yes,7,Yes,No,DSL,No,No,Yes,Yes,Yes,No,Month-to-month,Yes,Credit card (automatic),58.96,435.18,No
CUST-00337,Female,1,No,No,24,Yes,No,No,No internet service,No internet service,No internet service,No internet service,No internet service,No internet service,Two year,Yes,Electronic check,66.94,1593.31,No
CUST-00338,Female,0,Yes,Yes,14,Yes,Yes,DSL,No,Yes,No,No,No,No,One year,No,Bank transfer (automatic),68.37,946.82,No
CUST-00339,Male,1,No,No,24,Yes,Yes,Fiber optic,No,Yes,Yes,No,Yes,Yes,Month-to-month,Yes,Electronic check,43.67,1038.96,Yes
CUST-00340,Male,0,No,No,4,Yes,No,Fiber optic,No,No,No,Yes,No,No,Month-to-month,Yes,Bank transfer (automatic),71.51,292.82,No
CUST-00341,Male,0,Yes,No,5,No,No phone service,DSL,No,No,No,No,No,No,Month-to-month,Yes,Electronic check,27.74,147.81,No
CUST-00342,Female,0,No,No,1,Yes,No,DSL,No,No,Yes,No,Yes,Yes,Month-to-month,No,Electronic check,84.17,84.17,Yes
CUST-00343,Male,0,Yes,No,15,Yes,No,Fiber optic,No,Yes,Yes,No,No,Yes,Month-to-month,Yes,Electronic check,52.81,812.51,No
CUST-00344,Male,0,No,No,17,Yes,No,No,No internet service,No internet service,No internet service,No internet service,No internet service,No internet service,Month-to-month,Yes,Electronic check,50.46,886.48,No
CUST-00345,Female,0,Yes,No,4,Yes,No,Fiber optic,Yes,Yes,No,No,No,Yes,Month-to-month,No,Mailed check,39.19,135.74,Yes
CUST-00346,Female,0,No,No,17,Yes,No,Fiber optic,No,Yes,No,Yes,No,No,One year,Yes,Bank transfer (automatic),94.12,1580.53,No
CUST-00347,Female,0,Yes,No,35,Yes,No,DSL,No,No,No,No,No,Yes,One year,Yes,Electronic check,68.37,2383.95,No
CUST-00348,Male,0,No,No,13,Yes,No,Fiber optic,No,No,No,No,Yes,No,Month-to-month,Yes,Electronic check,89.3,1145.74,Yes
CUST-00349,Female,0,Yes,No,7,Yes,No,Fiber optic,Yes,No,No,No,No,No,Month-to-month,Yes,Bank transfer (automatic),89.43,630.46,Yes
CUST-00350,Female,0,No,No,19,Yes,Yes,No,No internet service,No internet service,No internet service,No internet service,No internet service,No internet service,One year,Yes,Bank transfer (automatic),92.14,1711.66,Yes
CUST-00351,Male,0,No,No,22,No,No phone service,Fiber optic,No,No,Yes,No,Yes,No,Month-to-month,No,Credit card (automatic),64.5,1396.71,Yes
CUST-00352,Female,0,No,No,68,Yes,Yes,Fiber optic,Yes,No,No,No,No,No,Two year,Yes,Bank transfer (automatic),61.02,4179.94,No
CUST-00353,Male,0,No,Yes,45,No,No phone service,DSL,No,No,Yes,No,No,Yes,One year,Yes,Mailed check,64.2,2870.64,No
CUST-00354,Male,0,No,No,9,Yes,No,No,No internet service,No internet service,No internet service,No internet service,No internet service,No internet service,Month-to-month,Yes,Bank transfer (automatic),37.12,358.93,No
CUST-00355,Female,0,No,No,3,Yes,No,DSL,Yes,Yes,No,No,Yes,No,Month-to-month,Yes,Credit card (automatic),78.7,243.22,No
CUST-00356,Female,1,No,No,16,Yes,Yes,DSL,No,Yes,No,No,Yes,No,One year,Yes,Credit card (automatic),47.89,730.09,No
CUST-00357,Female,0,No,Yes,15,Yes,Yes,Fiber optic,No,No,No,No,No,No,Month-to-month,No,Electronic check,39.06,598.62,Yes
CUST-00358,Female,0,No,No,20,Yes,No,Fiber optic,No,Yes,No,No,Yes,Yes,One year,Yes,Electronic check,91.39,1825.4,No
CUST-00359,Female,0,Yes,No,65,No,No phone service,Fiber optic,No,No,Yes,No,No,Yes,Two year,No,Electronic check,80.76,5240.45,No
CUST-00360,Female,0,Yes,No,29,Yes,No,Fiber optic,No,Yes,No,No,Yes,Yes,One year,Yes,Bank transfer (automatic),79.8,2319.13,Yes
CUST-00361,Male,0,No,No,24,Yes,No,Fiber optic,No,No,Yes,No,Yes,No,Month-to-month,Yes,Bank transfer (automatic),83.33,2009.49,No
CUST-00362,Male,0,Yes,No,46,Yes,No,DSL,No,Yes,Yes,No,Yes,No,One year,Yes,Bank transfer (automatic),56.22,2600.37,No
CUST-00363,Female,0,No,No,24,Yes,Yes,No,No internet service,No internet service,No internet service,No internet service,No internet service,No internet service,Month-to-month,Yes,Electronic check,73.61,1790.24,No
CUST-00364,Male,0,No,No,9,No,No phone service,Fiber optic,Yes,No,Yes,No,No,No,Month-to-month,Yes,Bank transfer (automatic),83.17,756.69,No
CUST-00365,Female,1,Yes,Yes,60,Yes,Yes,Fiber optic,No,Yes,No,Yes,No,Yes,Two year,Yes,Credit card (automatic),59.57,3546.95,No
CUST-00366,Male,1,No,No,9,Yes,No,Fiber optic,Yes,No,Yes,Yes,Yes,Yes,Month-to-month,No,Electronic check,50.43,444.36,Yes
CUST-00367,Male,0,No,Yes,51,Yes,No,DSL,Yes,No,No,No,Yes,Yes,Two year,Yes,Bank transfer (automatic),78.83,4079.39,No
CUST-00368,Male,0,Yes,No,26,Yes,Yes,Fiber optic,No,No,No,No,No,No,Two year,Yes,Mailed check,102.78,2686.84,No
CUST-00369,Female,0,Yes,Yes,12,No,No phone service,Fiber optic,No,No,No,No,Yes,Yes,Month-to-month,Yes,Credit card (automatic),27.3,375.02,Yes
CUST-00370,Male,0,No,Yes,15,Yes,No,DSL,No,Yes,No,No,No,No,Month-to-month,Yes,Credit card (automatic),67.59,1041.77,No
CUST-00371,Female,0,Yes,Yes,5,Yes,Yes,Fiber optic,No,Yes,Yes,Yes,No,Yes,Month-to-month,Yes,Bank transfer (automatic),72.79,368.78,Yes
CUST-00372,Male,0,Yes,Yes,2,Yes,No,No,No internet service,No internet service,No internet service,No internet service,No internet service,No internet service,Month-to-month,Yes,Bank transfer (automatic),51.55,109.13,No
CUST-00373,Male,0,No,No,15,Yes,No,Fiber optic,Yes,Yes,No,Yes,No,No,Month-to-month,Yes,Credit card (automatic),25.33,379.22,No
CUST-00374,Male,0,Yes,No,16,Yes,Yes,No,No internet service,No internet service,No internet service,No internet service,No internet service,No internet service,One year,No,Mailed check,47.44,724.27,No
CUST-00375,Male,0,Yes,No,18,Yes,Yes,DSL,Yes,Yes,No,No,No,No,Month-to-month,No,Electronic check,30.27,545.19,Yes
CUST-00376,Male,1,No,Yes,16,Yes,No,DSL,No,No,No,Yes,Yes,No,Month-to-month,Yes,Credit card (automatic),69.41,1134.8,Yes
CUST-00377,Female,1,Yes,Yes,28,No,No phone service,DSL,Yes,No,Yes,No,Yes,Yes,Two year,Yes,Electronic check,104.57,2916.07,No
CUST-00378,Female,0,Yes,Yes,18,Yes,No,Fiber optic,No,Yes,No,No,Yes,No,Month-to-month,No,Mailed check,57.18,1037.56,Yes
CUST-00379,Male,0,No,Yes,55,Yes,No,DSL,No,Yes,Yes,No,No,No,Two year,Yes,Credit card (automatic),80.8,4461.25,No
CUST-00380,Male,1,No,No,19,No,No phone service,DSL,Yes,No,No,Yes,No,Yes,Month-to-month,Yes,Bank transfer (automatic),78.6,1475.29,Yes
CUST-00381,Male,0,No,Yes,24,Yes,Yes,No,No internet service,No internet service,No internet service,No internet service,No internet service,No internet service,Month-to-month,Yes,Mailed check,68.04,1623.87,No
CUST-00382,Male,0,Yes,No,38,Yes,No,No,No internet service,No internet service,No internet service,No internet service,No internet service,No internet service,One year,Yes,Electronic check,88.22,3332.18,No
CUST-00383,Female,0,No,Yes,44,Yes,No,Fiber optic,Yes,Yes,No,No,No,No,One year,Yes,Mailed check,88.93,3896.54,No
CUST-00384,Male,0,No,Yes,42,Yes,Yes,DSL,No,No,No,No,Yes,No,Two year,Yes,Electronic check,98.41,4107.39,No
CUST-00385,Female,0,Yes,No,39,Yes,No,DSL,No,No,No,No,Yes,No,One year,Yes,Electronic check,87.53,3395.63,No
CUST-00386,Male,1,No,No,71,No,No phone service,DSL,No,Yes,No,Yes,Yes,Yes,Two year,Yes,Bank transfer (automatic),90.42,6448.08,No
CUST-00387,Female,1,No,Yes,11,Yes,Yes,Fiber optic,No,No,No,No,Yes,Yes,Month-to-month,No,Electronic check,40.51,427.35,No
CUST-00388,Male,0,No,Yes,21,Yes,No,No,No internet service,No internet service,No internet service,No internet service,No internet service,No internet service,Month-to-month,Yes,Mailed check,69.21,1455.92,No
CUST-00389,Male,0,No,No,38,Yes,Yes,Fiber optic,No,No,No,Yes,Yes,Yes,One year,Yes,Mailed check,82.64,3130.1,Yes
CUST-00390,Female,1,Yes,Yes,30,Yes,Yes,DSL,Yes,No,No,No,No,No,Two year,Yes,Credit card (automatic),99.08,2996.03,No
CUST-00391,Male,0,No,Yes,68,Yes,Yes,Fiber optic,No,No,No,No,No,No,Two year,No,Mailed check,98.59,6730.49,No
CUST-00392,Male,1,No,No,19,Yes,No,DSL,No,Yes,No,Yes,No,Yes,Month-to-month,No,Electronic check,82.14,1577.93,Yes
CUST-00393,Male,0,Yes,No,10,Yes,No,Fiber optic,Yes,Yes,No,Yes,No,No,Month-to-month,No,Electronic check,33.38,339.89,No
CUST-00394,Female,0,No,No,41,Yes,Yes,Fiber optic,No,No,No,No,Yes,Yes,One year,Yes,Bank transfer (automatic),90.44,3703.22,No
CUST-00395,Male,0,Yes,No,18,No,No phone service,Fiber optic,No,No,No,Yes,No,No,Month-to-month,No,Bank transfer (automatic),78.17,1383.18,No
CUST-00396,Male,0,Yes,No,37,Yes,Yes,DSL,No,No,Yes,Yes,No,Yes,Two year,No,Mailed check,92.83,3473.65,No
CUST-00397,Female,0,Yes,No,35,Yes,No,DSL,No,No,No,No,Yes,No,Two year,Yes,Mailed check,55.32,1920.98,No
CUST-00398,Female,0,No,No,13,Yes,No,No,No internet service,No internet service,No internet service,No internet service,No internet service,No internet service,Month-to-month,Yes,Electronic check,65.1,859.58,Yes
CUST-00399,Female,0,Yes,No,28,Yes,No,DSL,No,Yes,No,No,Yes,No,One year,Yes,Bank transfer (automatic),50.79,1443.37,No
CUST-00400,Male,0,Yes,Yes,45,Yes,No,DSL,No,No,No,No,Yes,No,One year,No,Bank transfer (automatic),76.7,3440.41,No
CUST-00401,Male,0,Yes,No,24,Yes,Yes,DSL,No,No,Yes,No,No,Yes,Month-to-month,Yes,Electronic check,78.21,1897.9,Yes
CUST-00402,Male,1,No,No,71,Yes,Yes,DSL,No,No,No,Yes,No,No,Two year,Yes,Electronic check,60.35,4300.07,No
CUST-00403,Female,1,No,No,7,Yes,No,Fiber optic,No,No,No,No,Yes,Yes,Month-to-month,No,Electronic check,60.18,455.84,No
CUST-00404,Male,0,No,No,55,Yes,No,No,No internet service,No internet service,No internet service,No internet service,No internet service,No internet service,Two year,No,Electronic check,97.01,5325.95,Yes
CUST-00405,Male,0,No,No,15,Yes,Yes,DSL,No,Yes,No,Yes,No,Yes,Month-to-month,No,Bank transfer (automatic),85.58,1258.01,No
CUST-00406,Female,0,No,Yes,52,No,No phone service,Fiber optic,No,No,Yes,No,No,No,Two year,No,Electronic check,94.44,4900.79,No
CUST-00407,Female,0,No,No,20,Yes,Yes,Fiber optic,No,Yes,Yes,No,Yes,Yes,Month-to-month,Yes,Electronic check,69.71,1398.43,Yes
CUST-00408,Female,1,No,Yes,18,Yes,No,Fiber optic,Yes,No,Yes,Yes,No,No,Month-to-month,No,Electronic check,86.57,1559.5,Yes
CUST-00409,Female,0,Yes,No,40,Yes,Yes,No,No internet service,No internet service,No internet service,No internet service,No internet service,No internet service,Two year,Yes,Credit card (automatic),93.55,3734.1,No
CUST-00410,Female,0,Yes,Yes,17,Yes,No,No,No internet service,No internet service,No internet service,No internet service,No internet service,No internet service,Month-to-month,No,Credit card (automatic),62.84,1030.11,No
CUST-00411,Male,1,Yes,No,1,Yes,No,DSL,Yes,No,No,No,Yes,Yes,Month-to-month,Yes,Electronic check,28.76,38.17,No
CUST-00412,Female,0,Yes,Yes,41,Yes,No,Fiber optic,No,No,No,No,Yes,No,Two year,No,Electronic check,98.58,4081.1,No
CUST-00413,Male,0,No,No,70,Yes,Yes,Fiber optic,No,No,No,No,No,No,Two year,No,Electronic check,103.44,7250.36,Yes
CUST-00414,Male,1,Yes,No,47,Yes,No,No,No internet service,No internet service,No internet service,No internet service,No internet service,No internet service,One year,No,Mailed check,77.38,3648.98,No
CUST-00415,Female,0,Yes,Yes,23,Yes,Yes,Fiber optic,Yes,No,Yes,Yes,Yes,No,One year,Yes,Electronic check,46.23,1074.72,No
CUST-00416,Female,1,Yes,No,11,Yes,No,No,No internet service,No internet service,No internet service,No internet service,No internet service,No internet service,Month-to-month,Yes,Bank transfer (automatic),78.4,870.32,No
CUST-00417,Female,0,Yes,No,15,Yes,No,Fiber optic,No,No,Yes,Yes,No,Yes,Month-to-month,No,Bank transfer (automatic),56.76,870.06,Yes
CUST-00418,Male,0,No,Yes,19,Yes,Yes,DSL,Yes,Yes,No,Yes,Yes,No,Month-to-month,Yes,Credit card (automatic),41.41,794.76,No
CUST-00419,Female,0,No,No,34,Yes,No,Fiber optic,No,No,No,No,No,No,One year,No,Electronic check,67.3,2281.78,No
CUST-00420,Female,1,No,Yes,45,Yes,No,No,No internet service,No internet service,No internet service,No internet service,No internet service,No internet service,One year,Yes,Credit card (automatic),94.86,4252.61,No
CUST-00421,Female,0,Yes,No,28,Yes,No,No,No internet service,No internet service,No internet service,No internet service,No internet service,No internet service,One year,No,Credit card (automatic),50.11,1398.09,No
CUST-00422,Female,0,No,No,26,Yes,Yes,DSL,No,Yes,Yes,Yes,Yes,Yes,One year,Yes,Electronic check,84.74,2209.54,No
CUST-00423,Female,0,Yes,No,11,Yes,No,Fiber optic,No,Yes,Yes,No,No,Yes,Month-to-month,No,Mailed check,39.35,426.53,No
CUST-00424,Male,0,No,No,2,Yes,No,DSL,Yes,No,No,No,Yes,No,Month-to-month,No,Electronic check,75.23,156.75,Yes
CUST-00425,Male,0,No,Yes,20,Yes,No,DSL,Yes,No,No,Yes,Yes,No,Month-to-month,Yes,Electronic check,67.54,1359.65,No
CUST-00426,Male,0,No,Yes,3,No,No phone service,Fiber optic,Yes,No,No,No,No,No,Month-to-month,Yes,Electronic check,86.81,277.08,No
CUST-00427,Female,0,No,No,12,Yes,Yes,DSL,Yes,Yes,Yes,No,No,Yes,Month-to-month,Yes,Bank transfer (automatic),27.03,350.07,No
CUST-00428,Female,0,No,No,52,Yes,No,No,No internet service,No internet service,No internet service,No internet service,No internet service,No internet service,Two year,Yes,Mailed check,102.18,5314.96,No
CUST-00429,Female,0,Yes,No,16,Yes,No,DSL,No,Yes,No,No,Yes,Yes,Month-to-month,Yes,Credit card (automatic),80.73,1265.5,No
CUST-00430,Male,0,No,No,20,No,No phone service,No,No internet service,No internet service,No internet service,No internet service,No internet service,No internet service,Month-to-month,No,Electronic check,50.84,1009.97,Yes
CUST-00431,Female,0,Yes,No,5,Yes,No,DSL,Yes,No,Yes,No,Yes,Yes,Month-to-month,Yes,Credit card (automatic),88.96,445.67,No
CUST-00432,Female,1,Yes,No,12,Yes,Yes,DSL,Yes,Yes,No,No,Yes,No,One year,Yes,Electronic check,61.04,695.73,No
CUST-00433,Female,0,Yes,No,26,Yes,Yes,DSL,No,No,No,No,No,No,One year,Yes,Credit card (automatic),82.29,2167.36,No
CUST-00434,Male,1,Yes,No,3,Yes,Yes,DSL,Yes,Yes,Yes,Yes,No,No,Month-to-month,Yes,Electronic check,27.02,83.92,No
CUST-00435,Female,0,Yes,No,24,Yes,Yes,DSL,No,No,No,No,No,No,Month-to-month,Yes,Electronic check,48.95,1182.53,Yes
CUST-00436,Male,0,No,Yes,26,Yes,No,DSL,No,No,No,No,Yes,Yes,One year,No,Credit card (automatic),68.58,1810.3,No
CUST-00437,Female,0,No,No,8,Yes,Yes,Fiber optic,Yes,No,No,No,Yes,No,Month-to-month,No,Electronic check,35.35,270.2,No
CUST-00438,Male,0,No,No,48,Yes,Yes,DSL,No,Yes,No,No,No,Yes,Two year,Yes,Bank transfer (automatic),98.43,4736.18,No
CUST-00439,Male,0,No,No,19,Yes,No,Fiber optic,No,Yes,Yes,No,Yes,No,One year,Yes,Bank transfer (automatic),83.55,1585.18,No
CUST-00440,Male,0,Yes,Yes,14,Yes,No,Fiber optic,No,No,No,No,No,No,Month-to-month,No,Mailed check,59.47,828.94,No
CUST-00441,Female,0,No,No,7,Yes,No,No,No internet service,No internet service,No internet service,No internet service,No internet service,No internet service,Month-to-month,Yes,Mailed check,65.7,444.49,No
CUST-00442,Female,0,No,No,67,Yes,No,No,No internet service,No internet service,No internet service,No internet service,No internet service,No internet service,Two year,Yes,Bank transfer (automatic),56.63,3827.27,No
CUST-00443,Male,0,Yes,No,3,Yes,Yes,Fiber optic,Yes,No,No,No,No,Yes,Month-to-month,Yes,Electronic check,37.05,103.65,Yes
CUST-00444,Male,0,Yes,Yes,15,No,No phone service,DSL,No,Yes,No,No,No,No,Month-to-month,Yes,Bank transfer (automatic),56.3,858.47,No
CUST-00445,Female,0,No,Yes,37,Yes,No,DSL,Yes,Yes,Yes,No,No,No,Two year,No,Credit card (automatic),84.92,3104.41,No
CUST-00446,Female,0,No,No,67,Yes,Yes,No,No internet service,No internet service,No internet service,No internet service,No internet service,No internet service,Two year,No,Electronic check,67.38,4537.86,No
CUST-00447,Male,0,Yes,No,32,Yes,No,DSL,Yes,No,No,No,Yes,No,Two year,Yes,Electronic check,65.03,2101.88,No
CUST-00448,Female,0,No,No,33,Yes,No,DSL,Yes,No,Yes,No,No,No,One year,Yes,Bank transfer (automatic),74.1,2447.2,No
CUST-00449,Female,0,No,No,21,Yes,Yes,DSL,No,No,No,No,Yes,No,Month-to-month,No,Mailed check,63.37,1326.17,Yes
CUST-00450,Female,0,No,Yes,8,Yes,Yes,DSL,Yes,No,No,Yes,No,Yes,Month-to-month,No,Mailed check,45.17,369.39,Yes
CUST-00451,Female,0,No,No,24,Yes,Yes,DSL,No,Yes,No,No,Yes,No,One year,No,Electronic check,52.48,1305.27,No
CUST-00452,Male,0,Yes,Yes,32,Yes,Yes,Fiber optic,No,No,Yes,No,No,Yes,One year,No,Bank transfer (automatic),48.62,1520.65,Yes
CUST-00453,Female,0,Yes,No,18,Yes,No,DSL,No,No,No,Yes,Yes,Yes,Month-to-month,Yes,Electronic check,56.2,1027.17,Yes
CUST-00454,Female,0,Yes,No,54,Yes,No,Fiber optic,Yes,Yes,Yes,No,No,Yes,Two year,No,Mailed check,91.09,4900.86,Yes
CUST-00455,Male,0,No,No,11,Yes,Yes,DSL,No,Yes,No,Yes,Yes,Yes,Month-to-month,No,Credit card (automatic),70.17,771.51,No
CUST-00456,Male,0,No,No,1,No,No phone service,DSL,Yes,Yes,No,Yes,Yes,Yes,Month-to-month,Yes,Electronic check,86.92,86.92,No
CUST-00457,Female,0,No,No,9,Yes,No,No,No internet service,No internet service,No internet service,No internet service,No internet service,No internet service,Month-to-month,No,Mailed check,27.58,239.61,Yes
CUST-00458,Female,1,No,No,22,No,No phone service,DSL,No,No,No,No,No,Yes,Month-to-month,Yes,Credit card (automatic),73.7,1621.09,Yes
CUST-00459,Female,0,No,Yes,9,Yes,No,No,No internet service,No internet service,No internet service,No internet service,No internet service,No internet service,Month-to-month,Yes,Bank transfer (automatic),40.73,343.91,Yes
CUST-00460,Female,1,Yes,No,14,No,No phone service,Fiber optic,No,Yes,No,No,No,Yes,Month-to-month,Yes,Credit card (automatic),34.26,500.25,No
CUST-00461,Male,0,No,No,16,Yes,No,DSL,No,Yes,No,No,No,No,Month-to-month,Yes,Mailed check,56.35,865.77,No
CUST-00462,Male,0,No,Yes,39,Yes,No,No,No internet service,No internet service,No internet service,No internet service,No internet service,No internet service,One year,Yes,Credit card (automatic),80.12,3135.6,No
CUST-00463,Male,0,Yes,No,21,Yes,No,DSL,No,No,No,No,No,Yes,One year,Yes,Electronic check,83.79,1753.06,Yes
CUST-00464,Female,0,No,No,44,Yes,No,No,No internet service,No internet service,No internet service,No internet service,No internet service,No internet service,One year,Yes,Electronic check,70.89,3095.55,Yes
CUST-00465,Female,0,Yes,No,56,Yes,Yes,DSL,Yes,Yes,No,No,No,Yes,Two year,Yes,Electronic check,99.13,5555.14,No
CUST-00466,Female,0,Yes,No,1,Yes,No,No,No internet service,No internet service,No internet service,No internet service,No internet service,No internet service,Month-to-month,Yes,Mailed check,78.59,78.59,No
CUST-00467,Female,0,Yes,No,22,Yes,Yes,DSL,No,No,No,Yes,Yes,Yes,Month-to-month,Yes,Credit card (automatic),45.94,1011.39,Yes
CUST-00468,Male,0,Yes,Yes,61,Yes,No,Fiber optic,No,Yes,Yes,No,Yes,No,Two year,No,Electronic check,83.38,5057.54,Yes
CUST-00469,Male,0,Yes,Yes,14,Yes,No,Fiber optic,No,Yes,Yes,No,Yes,Yes,Month-to-month,Yes,Bank transfer (automatic),70.06,990.03,Yes
CUST-00470,Female,0,No,No,38,Yes,Yes,No,No internet service,No internet service,No internet service,No internet service,No internet service,No internet service,Two year,Yes,Bank transfer (automatic),65.01,2451.8,No
CUST-00471,Male,0,Yes,No,23,Yes,No,No,No internet service,No internet service,No internet service,No internet service,No internet service,No internet service,Month-to-month,No,Bank transfer (automatic),68.58,1568.21,Yes
CUST-00472,Female,0,Yes,Yes,63,Yes,Yes,No,No internet service,No internet service,No internet service,No internet service,No internet service,No internet service,Two year,No,Mailed check,86.82,5475.63,No
CUST-00473,Female,0,No,No,3,Yes,No,No,No internet service,No internet service,No internet service,No internet service,No internet service,No internet service,Month-to-month,No,Bank transfer (automatic),83.25,234.31,No
CUST-00474,Male,1,No,No,32,Yes,No,DSL,No,No,Yes,No,No,No,Two year,Yes,Electronic check,101.81,3256.78,No
CUST-00475,Female,0,Yes,No,7,Yes,No,DSL,Yes,No,No,No,Yes,Yes,Month-to-month,Yes,Electronic check,64.84,423.61,Yes
CUST-00476,Female,1,No,Yes,64,Yes,No,DSL,Yes,No,No,No,No,Yes,Two year,No,Credit card (automatic),90.45,5801.61,Yes
CUST-00477,Male,0,No,No,8,Yes,No,Fiber optic,No,No,No,No,No,No,Month-to-month,Yes,Electronic check,86.58,727.92,No
CUST-00478,Female,0,Yes,No,39,Yes,No,Fiber optic,No,No,No,No,No,No,One year,Yes,Electronic check,85.09,3374.21,No
CUST-00479,Female,0,Yes,No,70,Yes,No,Fiber optic,Yes,Yes,Yes,Yes,Yes,No,Two year,Yes,Credit card (automatic),95.74,6703.71,No
CUST-00480,Male,0,No,No,7,Yes,No,DSL,No,Yes,Yes,No,Yes,No,Month-to-month,No,Electronic check,67.95,491.44,No
CUST-00481,Female,1,Yes,No,27,Yes,Yes,Fiber optic,Yes,No,No,Yes,Yes,No,One year,Yes,Bank transfer (automatic),72.38,1918.64,Yes
CUST-00482,Male,0,Yes,No,33,Yes,No,DSL,Yes,Yes,No,Yes,No,Yes,One year,No,Electronic check,67.62,2261.38,No
CUST-00483,Female,0,No,Yes,3,Yes,Yes,DSL,No,Yes,No,No,Yes,No,Month-to-month,No,Mailed check,27.65,98.47,No
CUST-00484,Male,0,Yes,No,25,Yes,No,Fiber optic,No,No,Yes,No,No,Yes,One year,Yes,Electronic check,49.08,1217.36,No
CUST-00485,Male,0,Yes,No,23,Yes,Yes,Fiber optic,Yes,No,Yes,No,Yes,Yes,One year,No,Electronic check,57.36,1343.91,No
CUST-00486,Male,1,Yes,No,36,Yes,Yes,Fiber optic,Yes,No,No,Yes,No,No,Two year,No,Mailed check,78.96,2837.61,No
CUST-00487,Female,0,Yes,Yes,19,Yes,No,Fiber optic,Yes,No,No,No,No,Yes,Month-to-month,No,Bank transfer (automatic),39.25,736.57,No
CUST-00488,Male,0,Yes,Yes,23,Yes,No,DSL,Yes,No,No,No,No,No,Month-to-month,Yes,Bank transfer (automatic),55.56,1287.43,No
CUST-00489,Male,0,No,No,68,Yes,Yes,Fiber optic,No,No,Yes,No,Yes,Yes,Two year,No,Credit card (automatic),64.11,4337.93,No
CUST-00490,Male,0,No,No,55,Yes,Yes,DSL,No,No,No,Yes,Yes,No,Two year,Yes,Electronic check,79.91,4415.47,No
CUST-00491,Male,0,Yes,No,18,No,No phone service,Fiber optic,Yes,No,Yes,No,Yes,No,Month-to-month,No,Bank transfer (automatic),26.36,453.29,Yes
CUST-00492,Male,0,No,No,30,Yes,No,Fiber optic,No,No,Yes,No,Yes,No,One year,Yes,Bank transfer (automatic),56.42,1671.68,No
CUST-00493,Female,0,Yes,No,24,No,No phone service,DSL,No,No,No,Yes,No,Yes,Month-to-month,Yes,Credit card (automatic),88.36,2102.48,No
CUST-00494,Female,0,Yes,No,3,Yes,Yes,DSL,Yes,No,Yes,No,No,No,Month-to-month,No,Electronic check,30.3,106.09,Yes
CUST-00495,Female,0,Yes,No,19,Yes,No,No,No internet service,No internet service,No internet service,No internet service,No internet service,No internet service,Month-to-month,No,Bank transfer (automatic),69.21,1302.75,No
CUST-00496,Female,0,Yes,No,22,Yes,Yes,No,No internet service,No internet service,No internet service,No internet service,No internet service,No internet service,Month-to-month,Yes,Credit card (automatic),26.99,566.87,No
CUST-00497,Female,0,Yes,No,44,Yes,No,Fiber optic,Yes,Yes,No,Yes,No,Yes,One year,Yes,Electronic check,87.02,3816.88,No
CUST-00498,Female,0,No,Yes,17,Yes,No,DSL,Yes,Yes,No,Yes,No,No,Month-to-month,Yes,Credit card (automatic),81.44,1383.8,No
CUST-00499,Female,0,No,No,54,Yes,No,DSL,No,No,No,No,No,No,Two year,No,Electronic check,75.8,4069.33,No
CUST-00500,Male,0,Yes,No,47,Yes,Yes,Fiber optic,No,Yes,Yes,Yes,Yes,No,Two year,No,Bank transfer (automatic),76.27,3561.88,No
